{"Bleu_1": 0.6304024433235764, "Bleu_2": 0.4327961535427147, "Bleu_3": 0.28990354630913473, "Bleu_4": 0.19127784848468}