{"Bleu_1": 0.6262876585765651, "Bleu_2": 0.42757770756809876, "Bleu_3": 0.2854047186226206, "Bleu_4": 0.18808019705341428}