{"Bleu_1": 0.6304847590375038, "Bleu_2": 0.4346465757567472, "Bleu_3": 0.291494636250003, "Bleu_4": 0.19425755814050888}