{"mean": [0.31686973571777344, 0.30091845989227295, 0.27439242601394653], "sd": [0.317791610956192, 0.307492196559906, 0.3042858839035034]}